视频ID,吧ID,视频点赞数,吧名,用户昵称
HSenHpiWiYwAj5BPtF~93Ta2hj2kjWHC,8NtQxO3y5IJs3iZXsw1JxtuUXMi-nTni,0,给你好看,凌乱如水
lXUBWjecEoZ02WuEY2LOk6424Mfx4KKh,epSm1pTNh68JscGmZA64O7jsqH48ZgVD,0,世间百态,半程旅航
2U4i-1oFETOeQS0oB79R2OVq5bbEHSkb,7jNi7zaaS9HmeagQ5h3aZ8Fmlgae-d0k,0,爱美自拍,浅陌
Q2~DwNFhXGSKQx4ONVy8CPvY44AWbEyh,u044vYDlk43HQ889lyxA3iPC9Ti7E7jM,0,搞笑段子,闷着
b9NBi0x-B56VQaz6M917-t4UbBnA2hRi,7jNi7zaaS9HmeagQ5h3aZ8Fmlgae-d0k,0,爱美自拍,善良
VuinNZGoGuNrX2cdfyvzU9CSfWD-XkFF,epSm1pTNh68JscGmZA64O7jsqH48ZgVD,0,世间百态,熟悉的陌生人
lYbY1kyhOM4kKY-wZkicVYmjuQGJ~iKZ,8NtQxO3y5IJs3iZXsw1JxtuUXMi-nTni,0,给你好看,晚霞
En7rD-~cTAGGGUOCtZrUC~VFCz5EXp61,u044vYDlk43HQ889lyxA3iPC9Ti7E7jM,0,搞笑段子,恨我致死吗
PWj30xlNNnnNcmCt4yKTNbourdTlGsWI,5u4w7lbqqWbTW6goFaia2I3XlbXm3~Pj,0,监控记录,嫣然若夕
wsH3frumNtoLMk12d8Komu2SIjPIE50C,1TJXzQfGD7gnMdxnVldbOCpJrfTbgwGF,0,秀逗了,W取
2Y1DpN5zYIqTFR7uY3X3NAKfM7cvM9Bp,TP31b0C9UoGcB0VRAIdZ4v5WxWSQaiDu,0,健身实拍,青桥细雨
CPI1Gu9078F3FkAet8VcUlQ2SIj8nuWV,BvpwhuPZvE2aclv0AfTipJeIlABYMoCz,0,惊奇天下,人淡如菊
Z9KaiUQ4ImTmnIR9e6fry2sxg0WmhfFf,Ymt0OHOjjwZhJTjzlHyhwDjAAdKmwlLP,0,民间高手,l策划这场悲剧
nGuPW2eKb9pMMGkF3re84BahkYv28vp1,Blc6J0vvLNBFEyPPFVJwpBZHnMa3G30b,0,我的老家,少年未老心已凉
0TWWz8qF~Ym4oe5JNCOU3JRR6j~NVhZ7,nmM0fwLRRuMzsPjKFiqXLyIJVNWuF5O7,0,快8健康,红叶飘零
si6tfqHBeuFCtKvx1qP2JLKS2OvTjNpt,lRx6EK94DrY0zEhRmTMBpGbPO86mbx4X,0,劳动好嗨,风平浪静
ikYnyuvj7mAulp0~6l59ypL6m6iTsvAg,epSm1pTNh68JscGmZA64O7jsqH48ZgVD,0,世间百态,十六Q井
fHYZtcNSfMYWn1LHcoC8KTONS5sCEEJq,u044vYDlk43HQ889lyxA3iPC9Ti7E7jM,0,搞笑段子,只见黄昏依稀
nURtx-eDzwwqM891Qr9p0qgNk2X35ETo,7jNi7zaaS9HmeagQ5h3aZ8Fmlgae-d0k,0,爱美自拍,诺曦
6hbn7LRz4wc6Q4jH8Acf1S36BpyHGwme,8NtQxO3y5IJs3iZXsw1JxtuUXMi-nTni,0,给你好看,暮然回首脖子疼
TLUYmJFhBQipadLE6qSVqAb53HnPoyim,7jNi7zaaS9HmeagQ5h3aZ8Fmlgae-d0k,0,爱美自拍,黑子爸爸
47t~7xeQcMe~wSB5NXoG-slKcjnWotnT,epSm1pTNh68JscGmZA64O7jsqH48ZgVD,0,世间百态,日月星辰
ygaSmHcjTlQ7xOOY3asl~7XouK01R~jN,8NtQxO3y5IJs3iZXsw1JxtuUXMi-nTni,0,给你好看,思念式灬幸福
09DKnE9dCl7m5fMJ1XzxY2P5sv4xOQ4e,u044vYDlk43HQ889lyxA3iPC9Ti7E7jM,0,搞笑段子,给伤痛微笑
vYo3kZikYHWbs4jtsBR-4o35IEc~9mbc,5u4w7lbqqWbTW6goFaia2I3XlbXm3~Pj,0,监控记录,纯情丫头°
xZNA2SkKYyGtC02RIIcuaXCIyCKXw3-G,1TJXzQfGD7gnMdxnVldbOCpJrfTbgwGF,0,秀逗了,熟悉的生人
4dkIvnFPu4TDAZ51FqGjnz3LGiR7VqC2,TP31b0C9UoGcB0VRAIdZ4v5WxWSQaiDu,0,健身实拍,乱山深处水萦回
